{"duration": [20.44371764099924, 16.230591289990116, 14.695614004973322, 11.828425627027173, 23.714478005014826, 25.048658440995496, 16.68595572799677, 18.843797584006097, 11.964764764998108, 13.88618862698786, 14.553002160973847, 14.356936658034101, 22.948120341985486, 18.179685682000127, 13.929545021033846, 13.928956766030751, 11.13963029102888, 11.633432055008598, 10.988847361993976, 15.416150696983095, 19.885863984993193], "mean_q": [0.246197232849709, 0.27364611625671387, 0.2912631928920746, 0.30666956305503845, 24.31281280517578, 0.20095930993556976, 0.20084694027900696, 0.2010079324245453, 0.20111200213432312, 0.20127151906490326, 0.20144864916801453, 0.20171773433685303, 0.20212601125240326, 0.20271162688732147, 0.20320306718349457, 0.20365677773952484, 0.2045140415430069, 0.2048691064119339, 0.20535193383693695, 0.2061135172843933, 0.20753981173038483], "nb_steps": [330, 558, 766, 932, 1267, 1626, 1858, 2122, 2292, 2491, 2697, 2903, 3232, 3494, 3698, 3902, 4065, 4235, 4396, 4621, 4913], "nb_episode_steps": [330, 228, 208, 166, 335, 359, 232, 264, 170, 199, 206, 206, 329, 262, 204, 204, 163, 170, 161, 225, 292], "episode": [0, 1, 2, 3, 4, 5, 6, 7, 8, 9, 10, 11, 12, 13, 14, 15, 16, 17, 18, 19, 20], "episode_reward": [3.0, 1.0, 1.0, 0.0, 3.0, 3.0, 1.0, 2.0, 0.0, 1.0, 1.0, 1.0, 3.0, 2.0, 1.0, 1.0, 0.0, 0.0, 0.0, 1.0, 2.0], "mean_absolute_error": [0.1843060109243598, 0.2182057648897171, 0.2361074984073639, 0.24872490763664246, 16.751596450805664, 0.1478377878665924, 0.1438305526971817, 0.1438542753458023, 0.143863245844841, 0.14441487193107605, 0.1445223093032837, 0.14530207216739655, 0.14601413905620575, 0.14673511683940887, 0.14737120270729065, 0.14829601347446442, 0.14894402027130127, 0.14970789849758148, 0.15035025775432587, 0.15109920501708984, 0.15245723724365234], "loss": [0.004491620121695704, 0.004576260223984718, 0.0037925238721072674, 0.0032106346916407347, 39518.0078125, 0.00639299675822258, 0.00464435713365674, 0.004894976504147053, 0.004024811089038849, 0.004480605013668537, 0.0032997620292007923, 0.004368785303086042, 0.004701940808445215, 0.004186087287962437, 0.003197350073605776, 0.003826134605333209, 0.003830165136605501, 0.004261755850166082, 0.004172903951257467, 0.003460731590166688, 0.002938860794529319]}